Workbook

Sheet 表Z｜基本資料
B1: 表Z-1｜用戶基本資料 | I1: 受訪對象識別資料（名片或照片）註
A2: 回目錄頁 ↩ | B2: 項目 | D2: 內容
A3: 預設選單欄位設定 ➠ | B3: 用戶抬頭*
A4: 填寫文字或數字 | B4: 用戶統編*
A5: 下拉式選單（勿調整） | B5: 行業別大類（依稅籍）*
A6: 自動帶出 | B6: 行業別中類（依稅籍）*
B7: 是否為分支機構* | E7: 分店名稱
B8: 母公司統編註1
B9: 建築物地址註2* | D9: 縣市
D10: 分區 | G10: 區
E11: 路/街 | G11: 段
E12: 巷 | G12: 弄
E13: 號 | F13: 之
E14: 樓 | F14: 之
E15: 室
B16: 受訪單位 | C16: 聯絡人姓名*
C17: 聯絡人信箱*
C18: 聯絡人電話*
C19: 聯絡人手機
B20: 診斷顧問 | C20: 單位名稱*
C21: 顧問姓名*
C22: 顧問信箱*
C23: 顧問電話*
C24: 顧問手機
B25: 其他資訊 | C25: 樓地板面積(m2)
C26: 年度用水量(度)
C27: 年度用水金額(元)
C28: 使用燃料種類
C29: 使用燃料用量 (公斤/公升/m3)
C30: 使用燃料金額(元)
B31: 註1：若非分支機構，可免填母公司統編。
B32: 註2： 「路/街」請寫全名，如「杭州南路」(不要省略「路/街」) 「○段」請填國字(一、二、三…)，其餘填阿拉伯數字(1、2、3...)

Sheet 表P｜用電統計
B1: 表P｜用電統計及管理程度調查
A2: 回目錄頁 ↩ | B2: 基本資料 | C2: 電號* | G2: 戶名 | K2: 電價種類* | O2: 時間種類* | R2: 是否導入能源管理系統*
A3: 預設選單欄位設定 ➠ | G3: ='表Z｜基本資料'!D3 -> 0
A4: 填寫文字或數字 | B4: 時段 | C4: 尖峰 | D4: 半尖峰 | E4: 週六半尖峰 | F4: 離峰 | G4: 平均電單價 | K4: 建議調整後契約容量(kW)* | O4: 預估可節省電費(元/年)*
A5: 下拉式選單（勿調整） | B5: 用電佔比 | C5: =(I20+N20)/$R20 -> #DIV/0! | D5: =(J20+O20)/$R20 -> #DIV/0! | E5: =(K20+P20)/$R20 -> #DIV/0! | F5: =(L20+Q20)/$R20 -> #DIV/0! | G5: =S20/M20 -> #DIV/0!
A6: 自動帶出 | B6: 收費 月份 | C6: 經常契約容量* (kW) | D6: 需量(kW)* | I6: 計費度數 ( kWh-度 )* | N6: 轉供度數 ( kWh-度 ) | R6: 用電度數 | S6: 總電費* ( 含稅-元 ) | T6: 建議調整後契約容量
D7: 尖峰 | E7: 半尖峰 | F7: 週六半尖峰 | G7: 離峰 | H7: 最高需量 | I7: 尖峰 | J7: 半尖峰 | K7: 週六半尖峰 | L7: 離峰 | M7: 合計 | N7: 尖峰 | O7: 半尖峰 | P7: 週六半尖峰 | Q7: 離峰 | R7: 合計
B8: 1月 | H8: =MAX(D8:G8) -> 0 | M8: =SUM(I8:L8) -> 0 | N8: 0 | O8: 0 | P8: 0 | Q8: 0 | R8: =SUM(I8:L8)+SUM(N8:Q8) -> 0 | T8: =K$5 -> 0
B9: 2月 | H9: =MAX(D9:G9) -> 0 | M9: =SUM(I9:L9) -> 0 | N9: 0 | O9: 0 | P9: 0 | Q9: 0 | R9: =SUM(I9:L9)+SUM(N9:Q9) -> 0 | T9: =K$5 -> 0
B10: 3月 | H10: =MAX(D10:G10) -> 0 | M10: =SUM(I10:L10) -> 0 | N10: 0 | O10: 0 | P10: 0 | Q10: 0 | R10: =SUM(I10:L10)+SUM(N10:Q10) -> 0 | T10: =K$5 -> 0
B11: 4月 | H11: =MAX(D11:G11) -> 0 | M11: =SUM(I11:L11) -> 0 | N11: 0 | O11: 0 | P11: 0 | Q11: 0 | R11: =SUM(I11:L11)+SUM(N11:Q11) -> 0 | T11: =K$5 -> 0
B12: 5月 | H12: =MAX(D12:G12) -> 0 | M12: =SUM(I12:L12) -> 0 | N12: 0 | O12: 0 | P12: 0 | Q12: 0 | R12: =SUM(I12:L12)+SUM(N12:Q12) -> 0 | T12: =K$5 -> 0
B13: 6月 | H13: =MAX(D13:G13) -> 0 | M13: =SUM(I13:L13) -> 0 | N13: 0 | O13: 0 | P13: 0 | Q13: 0 | R13: =SUM(I13:L13)+SUM(N13:Q13) -> 0 | T13: =K$5 -> 0
B14: 7月 | H14: =MAX(D14:G14) -> 0 | M14: =SUM(I14:L14) -> 0 | N14: 0 | O14: 0 | P14: 0 | Q14: 0 | R14: =SUM(I14:L14)+SUM(N14:Q14) -> 0 | T14: =K$5 -> 0
B15: 8月 | H15: =MAX(D15:G15) -> 0 | M15: =SUM(I15:L15) -> 0 | N15: 0 | O15: 0 | P15: 0 | Q15: 0 | R15: =SUM(I15:L15)+SUM(N15:Q15) -> 0 | T15: =K$5 -> 0
B16: 9月 | H16: =MAX(D16:G16) -> 0 | M16: =SUM(I16:L16) -> 0 | N16: 0 | O16: 0 | P16: 0 | Q16: 0 | R16: =SUM(I16:L16)+SUM(N16:Q16) -> 0 | T16: =K$5 -> 0
B17: 10月 | H17: =MAX(D17:G17) -> 0 | M17: =SUM(I17:L17) -> 0 | N17: 0 | O17: 0 | P17: 0 | Q17: 0 | R17: =SUM(I17:L17)+SUM(N17:Q17) -> 0 | T17: =K$5 -> 0
B18: 11月 | H18: =MAX(D18:G18) -> 0 | M18: =SUM(I18:L18) -> 0 | N18: 0 | O18: 0 | P18: 0 | Q18: 0 | R18: =SUM(I18:L18)+SUM(N18:Q18) -> 0 | T18: =K$5 -> 0
B19: 12月 | H19: =MAX(D19:G19) -> 0 | M19: =SUM(I19:L19) -> 0 | N19: 0 | O19: 0 | P19: 0 | Q19: 0 | R19: =SUM(I19:L19)+SUM(N19:Q19) -> 0 | T19: =K$5 -> 0
B20: 合計 | I20: =SUM(I8:I19) -> 0 | J20: =SUM(J8:J19) -> 0 | K20: =SUM(K8:K19) -> 0 | L20: =SUM(L8:L19) -> 0 | M20: =SUM(M8:M19) -> 0 | N20: =SUM(N8:N19) -> 0 | O20: =SUM(O8:O19) -> 0 | P20: =SUM(P8:P19) -> 0 | ... S20: =SUM(S8:S19) -> 0

Sheet 表E｜能源設備盤查
B1: 表E｜能源設備盤查
A2: 回目錄頁 ↩ | B2: 能源流向統計 | D2: 中央空調 | E2: 一般空調 | F2: 照明 | G2: 冷凍冷藏 | H2: 熱能 | I2: 風機 | J2: 電能 | K2: 其他 | L2: 合計 | M2: 盤查結果
A3: 預設選單欄位設定 ➠ | D3: =SUMIF($C:$C,D2,$N:$N) -> 0 | E3: =SUMIF($C:$C,E2,$N:$N) -> 0 | F3: =SUMIF($C:$C,F2,$N:$N) -> 0 | G3: =SUMIF($C:$C,G2,$N:$N) -> 0 | H3: =SUMIF($C:$C,H2,$N:$N) -> 0 | I3: =SUMIF($C:$C,I2,$N:$N) -> 0 | J3: =SUMIF($C:$C,J2,$N:$N) -> 0 | K3: =SUMIF($C:$C,K2,$N:$N) -> 0 | L3: =SUM(D3:K3) -> 0 | M3: =IF(L3<60%,"尚不足60%",IF(L3>80%,"佔比偏高","佔比合宜")) -> 尚不足60%
A4: 填寫文字或數字 | B4: 項次 | C4: 系統類別* | D4: 設備名稱* | E4: 設備編號* | F4: 製造年份* (西元年) | G4: 設備容量註1* | H4: 規格單位註2* | I4: 額定功率* (kW) | J4: 設備數量* | K4: 負載率註3* | L4: 年運轉時數* (hr) | M4: 推估年用電量 (kWh) | N4: 年用電佔比
A5: 下拉式選單（勿調整） | B5: 1 | M5: =I5*J5*K5*L5 -> 0 | N5: =M5/'表P｜用電統計'!R$20 -> #DIV/0!
A6: 自動帶出 | B6: 2 | M6: =I6*J6*K6*L6 -> 0 | N6: =M6/'表P｜用電統計'!R$20 -> #DIV/0!
B7: 3 | M7: =I7*J7*K7*L7 -> 0 | N7: =M7/'表P｜用電統計'!R$20 -> #DIV/0!
B8: 4 | M8: =I8*J8*K8*L8 -> 0 | N8: =M8/'表P｜用電統計'!R$20 -> #DIV/0!
B9: 5 | M9: =I9*J9*K9*L9 -> 0 | N9: =M9/'表P｜用電統計'!R$20 -> #DIV/0!
B10: 6 | M10: =I10*J10*K10*L10 -> 0 | N10: =M10/'表P｜用電統計'!R$20 -> #DIV/0!
B11: 7 | M11: =I11*J11*K11*L11 -> 0 | N11: =M11/'表P｜用電統計'!R$20 -> #DIV/0!
B12: 8 | M12: =I12*J12*K12*L12 -> 0 | N12: =M12/'表P｜用電統計'!R$20 -> #DIV/0!
B13: 9 | M13: =I13*J13*K13*L13 -> 0 | N13: =M13/'表P｜用電統計'!R$20 -> #DIV/0!
B14: 10 | M14: =I14*J14*K14*L14 -> 0 | N14: =M14/'表P｜用電統計'!R$20 -> #DIV/0!
B15: 11 | M15: =I15*J15*K15*L15 -> 0 | N15: =M15/'表P｜用電統計'!R$20 -> #DIV/0!
B16: 12 | M16: =I16*J16*K16*L16 -> 0 | N16: =M16/'表P｜用電統計'!R$20 -> #DIV/0!
B17: 13 | M17: =I17*J17*K17*L17 -> 0 | N17: =M17/'表P｜用電統計'!R$20 -> #DIV/0!
B18: 14 | M18: =I18*J18*K18*L18 -> 0 | N18: =M18/'表P｜用電統計'!R$20 -> #DIV/0!
... B54: 50 | M54: =I54*J54*K54*L54 -> 0 | N54: =M54/'表P｜用電統計'!R$20 -> #DIV/0!
B55: 註1：設備容量之單位可依據設備銘牌上標示的規格填寫，例如：冰水主機冷卻能力200RT，此欄填「200」。
B56: 註2：設備容量之單位可依據設備銘牌上標示的規格填寫，例如：冰水主機冷卻能力200RT，此欄填「RT」。
B57: 註3：耗電固定請填 100 (%)；耗電會變動請填實際平均負載率，無法判斷填 60 (%)
B58: 提醒事項：建議此表填寫之設備年用電占比合計應超過電費單全年總用電量之 60 %，故設備數量如不夠填表，請自行新增填報列
B59: **若欄位不足，請自行向下新增欄位填寫。

Sheet 表A 冰水主機
B1: 表A｜冰水主機/循環水泵/冷卻水塔/空調箱/一般空調 診斷問卷
A2: 回目錄頁 ↩ | B2: 系統名稱*
A3: 預設選單欄位設定 ➠ | B3: 設備編號*
A4: 填寫文字或數字 | B4: 設備容量(RT)註1*
A5: 下拉式選單（勿調整） | B5: 機齡*
A6: 自動帶出 | B6: 產地/型式/定變頻*
B7: 保養等級註2*
B8: 冰水 出水溫度* | C8: 春季(3-5月)
C9: 夏季(6-8月)
C10: 秋季(9-11月)
C11: 冬季(12-2月)
B12: 冷卻水 回水溫度* | C12: 春季(3-5月)
C13: 夏季(6-8月)
C14: 秋季(9-11月)
C15: 冬季(12-2月)
B16: 室內或特定控溫空間的溫度*
B17: 室內或特定控溫空間的濕度*
B18: 註1：請選擇最接近且「不高於實際數」的值，例如390，請選擇380。
B19: 註2： 【良好】(例行確實) 1.每月檢查冷卻塔與水盤運作狀況 2.每季清洗水盤／補水槽並清理濾網 3.每半年刷洗冷凝器管（必要時加藥） 4.全年持續進行水質處理（加藥或旁濾） 【一般】(間歇保養) 1.約每季檢查冷卻塔與水盤 2.每年刷洗冷凝器管約1次 3.水質處理僅間歇或季節性進行 【欠佳】（少保養／無水處理） 1.冷卻塔與水盤一年檢查1次或更少 2.冷凝器管多年未清洗 3.無固定水質處理或旁濾
B20: **若欄位不足，請自行向右新增欄位填寫。

Sheet 表B-1｜停車場風機
B1: 表B-1｜風機系統-(地下)停車場_診斷問卷
A2: 回目錄頁 ↩ | B2: 設備編號*
A3: 預設選單欄位設定 ➠ | B3: 單台風機功率(kW)*
A4: 填寫文字或數字 | B4: 設備數量*
B5: 控制策略 與運轉模式 | C5: 啟停控制靈活度 註1*
C6: CO濃度感知 註2*
C7: 區域化控制 註3*
B8: 環境體感指標 | C8: 空氣品質（嗅覺） 註4*
C9: 悶熱感（體感） 註5*
C10: 噪音干擾 註6*
B11: 註1：目前的風機開關是如何控制的？ 智慧連動：依CO濃度自動變頻/啟停 定時控制：依上下班尖峰時間設定開關 人工/全時：24小時全開或靠管理員手動
B12: 註2：是否裝設一氧化碳 (CO) 偵測器？其運作狀況為何？ 精準連動：有裝設，且定期校正，數值準確 有裝但無效：有裝設，但數值僅供參考，未連動風機 無裝設：完全憑感覺運轉
B13: 註3：風機是否能針對「局部高污染區」(如車道出口) 獨立運作？ 分區獨立：僅開啟污染區風機 全場連動：一處超標全場啟動
B14: 註4：在尖峰時刻，停車場內的廢氣味道濃度？ 清新：幾乎聞不到廢氣味（可能換氣過度） 普通：偶爾有味道 嗆鼻：明顯刺鼻，令人不適（換氣不足）
B15: 註5：進入停車場時的溫濕度感受與戶外對比？ 舒適：涼爽通風 悶熱：停滯感強，空氣不流通
B16: 註6：風機運轉時的噪音是否影響交談或造成不適？ 安靜：背景音低 一般：可接受 吵雜：需提高音量說話，有明顯轟鳴聲
B17: **若欄位不足，請自行向右新增欄位填寫。

Sheet 表B-2｜屋頂風機
B1: 表B-2｜風機系統-屋頂_診斷問卷
A2: 回目錄頁 ↩ | B2: 設備編號*
A3: 預設選單欄位設定 ➠ | B3: 單台風機功率(kW)*
A4: 填寫文字或數字 | B4: 設備數量*
B5: 機械健康與維護 | C5: 皮帶狀況 註1*
C6: 振動與異音 註2*
C7: 排風口狀況 註3*
B8: 運轉必要性 與熱負載 | C8: 運轉時機 註4*
C9: 補氣狀況 註5*
B10: 註1：(若為皮帶傳動)檢查皮帶的張力與磨損狀況？ 緊實：張力適中無磨損 略鬆：有些微粉塵 打滑/龜裂：效率大幅降低
B11: 註2：觸摸外殼或聆聽運轉聲音，是否有異常？ 平穩：只有風切聲 劇烈：軸承磨損
B12: 註3： 順暢：全開無阻礙 阻塞/卡死：風阻大增
B13: 註4：風機通常在什麼時候運轉？ 需量控制：僅必要時運轉 習慣性全開：無論天氣
B14: 註5：廠房/空間是否有足夠的進氣口(門窗、百葉)？ 對流良好：進氣充足 嚴重負壓：風機空轉
B15: **若欄位不足，請自行向右新增欄位填寫。

Sheet 表L｜照明
B1: 表L｜照明系統_診斷問卷表
A2: 回目錄頁 ↩ | B2: 空間名稱*
A3: 預設選單欄位設定 ➠ | B3: 照明空間用途*
A4: 填寫文字或數字 | B4: 照明空間控制模式*
A5: 下拉式選單（勿調整） | B5: 照明空間種類組合*
A6: 自動帶出 | B6: 空間LED燈具的比例*
B7: 燈具組合* | D7: 燈具種類 | E7: 功率(W) | F7: 盞數 | G7: 感受亮度 | H7: 燈具種類 | I7: 功率(W) | J7: 盞數 | K7: 感受亮度 | L7: 燈具種類 | M7: 功率(W) | N7: 盞數 | O7: 感受亮度
B18: **若欄位不足，請自行向右新增欄位填寫。

Sheet 表H-1｜熱泵
B1: 表H-1｜熱能系統-熱泵系統_診斷問卷
A2: 回目錄頁 ↩ | B2: 設備編號*
A3: 預設選單欄位設定 ➠ | B3: 熱源型式*
A4: 填寫文字或數字 | B4: 製熱能力設計值 (kW)*
A5: 下拉式選單（勿調整） | B5: 設備數量*
A6: 自動帶出 | B6: 設備使用年限*
B7: 熱水溫度設定*
B8: 運轉時段*
B9: 是否搭配儲熱註1*
B10: 是否常高溫跳停註2*
B11: 維護保養程度註3*
B12: 註1： 1.無 - 無設置儲熱水箱，熱泵即開即熱、即產即用，熱泵需頻繁起停以因應用水需求 2.少量 - 有儲熱水箱，但容量僅能支應短時間用水尖峰，無法有效移轉負載或平滑熱泵運轉 3.中等 - 容量適中
B13: 註2： 1.經常 - 每週或每日皆會發生高溫跳停，系統需人工重啟或等待降溫 2.偶爾 - 僅於高負載或特定季節發生，不影響日常供水，但偶有干擾 3.幾乎沒有 - 極少或未曾發生高溫跳停
B14: 註3： 1.良好 - 有定期保養計畫與紀錄，由原廠或合格技術人員執行，包含熱交換器、感測器、控制參數檢查 2.一般 - 有保養，但頻率不固定，多以基本清潔與故障檢修為主 3.不良 - 無固定保養計畫，多為故障後才處理
B15: **若欄位不足，請自行向右新增欄位填寫。

Sheet 表H-2｜鍋爐
B1: 表H-2｜熱能系統-鍋爐系統_診斷問卷
A2: 回目錄頁 ↩ | B2: 設備編號*
A3: 預設選單欄位設定 ➠ | B3: 鍋爐類型*
A4: 填寫文字或數字 | B4: 燃料類型*
A5: 下拉式選單（勿調整） | B5: 製熱能力設計值 (kW)*
A6: 自動帶出 | B6: 設備數量*
B7: 使用年限*
B8: 運轉時段*
B9: 蒸氣設定壓力 或 熱水設定溫度*
B10: 是否搭配儲熱 或 備汽或緩衝槽註1*
B11: 是否常高溫/壓跳停註2*
B12: 燃燒與熱交換器清潔狀況*
B13: 維護保養程度註3*
B14: 主要用途*
B15: 運轉時間* | C15: 月份 | D15: 開機日數 | E15: 開機時數 | F15: 小計 | G15: 開機日數 | H15: 開機時數 | I15: 小計 | J15: 開機日數 | K15: 開機時數 | L15: 小計
C16: 1月 | F16: =D16*E16 -> 0 | I16: =G16*H16 -> 0 | L16: =J16*K16 -> 0
C17: 2月 | F17: =D17*E17 -> 0 | I17: =G17*H17 -> 0 | L17: =J17*K17 -> 0
C18: 3月 | F18: =D18*E18 -> 0 | I18: =G18*H18 -> 0 | L18: =J18*K18 -> 0
C19: 4月 | F19: =D19*E19 -> 0 | I19: =G19*H19 -> 0 | L19: =J19*K19 -> 0
C20: 5月 | F20: =D20*E20 -> 0 | I20: =G20*H20 -> 0 | L20: =J20*K20 -> 0
C21: 6月 | F21: =D21*E21 -> 0 | I21: =G21*H21 -> 0 | L21: =J21*K21 -> 0
C22: 7月 | F22: =D22*E22 -> 0 | I22: =G22*H22 -> 0 | L22: =J22*K22 -> 0
C23: 8月 | F23: =D23*E23 -> 0 | I23: =G23*H23 -> 0 | L23: =J23*K23 -> 0
C24: 9月 | F24: =D24*E24 -> 0 | I24: =G24*H24 -> 0 | L24: =J24*K24 -> 0
C25: 10月 | F25: =D25*E25 -> 0 | I25: =G25*H25 -> 0 | L25: =J25*K25 -> 0
C26: 11月 | F26: =D26*E26 -> 0 | I26: =G26*H26 -> 0 | L26: =J26*K26 -> 0
C27: 12月 | F27: =D27*E27 -> 0 | I27: =G27*H27 -> 0 | L27: =J27*K27 -> 0
C28: 合計 | D28: =SUM(D16:D27) -> 0 | F28: =SUM(F16:F27) -> 0 | G28: =SUM(G16:G27) -> 0 | I28: =SUM(I16:I27) -> 0 | J28: =SUM(J16:J27) -> 0 | L28: =SUM(L16:L27) -> 0
B29: 註1: 無 - 縮短時間緩衝，無法移轉負載 中 - 可支應主要尖峰需求 大 - 可支應長時間需求，具負載移轉能力
B30: 註2： 經常 - 每週或每日 偶爾 - 高負載或特定時段 幾乎沒有
B31: 註3： 良好 - 定期保養 + 燃燒調整 + 紀錄完整 一般 - 有保養但不固定 不足 - 多為故障後才處理 不清楚/無紀錄
B32: **若欄位不足，請自行向右新增欄位填寫。

Sheet 表PF｜電能
B1: 表PF｜電能系統_診斷問卷
A2: 回目錄頁 ↩ | B2: 設備編號*
A3: 預設選單欄位設定 ➠ | B3: 電號*
A4: 填寫文字或數字 | B4: 功因改善進相電容器評估 | C4: 是否已安裝電容器*
A5: 下拉式選單（勿調整） | C5: 目前功率因數 0.5~1.0*
A6: 自動帶出 | C6: 目標功率因數 0.8~1.0*
B7: 電容器評估 (無則免填) | C7: 電容器使用年限*
C8: 電容器狀況*
C9: 電容器容量 (kVAR)*
C10: 自動控制功能*
B11: 變壓器評估 | C11: 變壓器數量*
C12: 總容量 (kVA)*
C13: 變壓器使用年限*
C14: 變壓器類型*
C15: 平均負載率 (%)*
C16: 每日運轉時數*
C17: 冷卻方式*
C18: 是否有節能標章*
B19: **若欄位不足，請自行向右新增欄位填寫。

Sheet 表S-1｜節能措施
B1: 表S-1｜節能措施
A2: 回目錄頁 ↩ | B2: 措施編號 | D2: 1 | F2: 2 | H2: 3
A3: 預設選單欄位設定 ➠ | B3: 改善系統類別*
A4: 填寫文字或數字 | B4: 改善標的*
A5: 下拉式選單（勿調整） | B5: 改善措施類別註1*
A6: 自動帶出 | B6: 改善措施說明（簡要）*
B7: 改善措施總價（萬元）*
B8: 改善措施成本說明*
B9: 改善措施詳述*
B10: 改善效益 | C10: 效益指標 | D10: 計算結果 | E10: 計算過程說明 | F10: 計算結果 | G10: 計算過程說明 | H10: 計算結果 | I10: 計算過程說明
C11: 改善前年用電量 ( kWh )*
C12: 改善後年用電量 ( kWh )*
C13: 年節電量 ( kWh ) | D13: =D11-D12 -> 0 | E13: 改善前用電量-改善後用電量 | F13: =F11-F12 -> 0 | G13: 改善前用電量-改善後用電量 | H13: =H11-H12 -> 0 | I13: 改善前用電量-改善後用電量
C14: 年節電費 ( 萬元 ) | D14: =D13*'表P｜用電統計'!$G5/10000 -> #DIV/0! | E14: 年節電量 X 平均電價 | F14: =F13*'表P｜用電統計'!$G5/10000 -> #DIV/0! | G14: 年節電量 X 平均電價 | H14: =H13*'表P｜用電統計'!$G5/10000 -> #DIV/0! | I14: 年節電量 X 平均電價
C15: 年減碳量 ( t-CO2e ) | D15: =D13*#REF!/1000 -> #REF! | E15: 年節電量 X 電力排碳係數 | F15: =F13*#REF!/1000 -> #REF! | G15: 年節電量 X 電力排碳係數 | H15: =H13*#REF!/1000 -> #REF! | I15: 年節電量 X 電力排碳係數
C16: 年節電率 ( % ) | D16: =D13/D11 -> #DIV/0! | E16: 年節電量 / 改善前用電量 | F16: =F13/F11 -> #DIV/0! | G16: 年節電量 / 改善前用電量 | H16: =H13/H11 -> #DIV/0! | I16: 年節電量 / 改善前用電量
C17: 回收年限 ( 年 ) | D17: =D7/D14 -> #DIV/0! | E17: 改善措施總價 / 年節電費 | F17: =F7/F14 -> #DIV/0! | G17: 改善措施總價 / 年節電費 | H17: =H7/H14 -> #DIV/0! | I17: 改善措施總價 / 年節電費
B18: 後續推動註2* | C18: 業者自行改善*
C19: 媒合ESCO*
C20: 媒合政府資源*
B21: 註1： 汰換既有設備：將既有設備整組汰換為新品，如：將傳統螢光燈汰換為LED燈、將燃油鍋爐汰換為熱泵。 改善既有設備：針對既有設備汰換或新增部分零件，如：汰換冰箱壓縮機/LED燈/膠條、更換一般空調高效率冷媒等。 增加自動控制：藉由感測器自動控制設備，如：加裝感應器自動啟停燈光、依據CO2濃度啟停抽排風設備負載等。 增加變頻功能：針對既有設備加裝變頻控制器，如：針對加裝冷卻水泵/空調箱/抽排風機等加裝變頻控制器。 管理行為改善：針對人員操作/保養行為進行改善，如：現場人員依據需求分區啟停空調/照明、定期清洗空調室內機濾網等。
B22: 註2：媒合ESCO或政府資源，請加註ESCO或政府資源名稱。
B23: **若欄位不足，請自行向右新增欄位填寫。

Sheet 表S-2｜節能措施追蹤
A1: 節能輔導報告書 節能改善措施追蹤紀錄表
A3: 一、單位名稱：○○○○○○○○
A4: 二、單位地址：○○○○○○○○
A5: 三、追蹤日期：中華民國○○○年○○月○○日
A7: 改善措施 | C7: 措施1 | D7: 措施2 | E7: 措施3 | F7: 合計
A8: 系統類別 | C8: ='表T｜成效彙總表'!D3 -> 0 | D8: ='表T｜成效彙總表'!E3 -> 0 | E8: ='表T｜成效彙總表'!F3 -> 0 | F8: ='表T｜成效彙總表'!G3 -> 0
A9: 措施類別 | C9: ='表T｜成效彙總表'!D4 -> 0 | D9: ='表T｜成效彙總表'!E4 -> 0 | E9: ='表T｜成效彙總表'!F4 -> 0 | F9: ='表T｜成效彙總表'!G4 -> 0
A10: 措施說明 | C10: ='表T｜成效彙總表'!D5 -> 0 | D10: ='表T｜成效彙總表'!E5 -> 0 | E10: ='表T｜成效彙總表'!F5 -> 0 | F10: ='表T｜成效彙總表'!G5 -> 0
A11: 潛在效益 | B11: 節約用電量(kWh/年) | C11: ='表T｜成效彙總表'!D13 -> 0 | D11: ='表T｜成效彙總表'!E13 -> 0 | E11: ='表T｜成效彙總表'!F13 -> 0 | F11: ='表T｜成效彙總表'!G13 -> 0
B12: 節約油當量(kLOE/年) | C12: ='表T｜成效彙總表'!D14 -> 0 | D12: ='表T｜成效彙總表'!E14 -> 0 | E12: ='表T｜成效彙總表'!F14 -> 0 | F12: ='表T｜成效彙總表'!G14 -> 0
B13: 節約金額(元/年) | C13: ='表T｜成效彙總表'!D15 -> #DIV/0! | D13: ='表T｜成效彙總表'!E15 -> #DIV/0! | E13: ='表T｜成效彙總表'!F15 -> #DIV/0! | F13: ='表T｜成效彙總表'!G15 -> #DIV/0!
A14: 實際落實 | B14: 落實情形 | C14: □完全落實 □部分落實 □尚未落實 | D14: □完全落實 □部分落實 □尚未落實 | E14: □完全落實 □部分落實 □尚未落實 | F14: -
B17: 節約用電量(kWh/年)
B18: 節約油當量(kLOE/年)
B19: 節約金額(元/年)
M32: 汰換設備
M33: 增加控制
M34: 加裝變頻
M35: 操作行為

Sheet 表T｜成效彙總表
B1: 表T｜成效彙總表
A2: 回目錄頁 ↩ | B2: 改善措施 | D2: 措施1 | E2: 措施2 | F2: 措施3 | G2: 合計
A3: 預設選單欄位設定 ➠ | B3: 系統類別 | D3: ='表S-1｜節能措施'!D3 -> 0 | E3: ='表S-1｜節能措施'!F3 -> 0 | F3: ='表S-1｜節能措施'!H3 -> 0 | G3: =SUM(D3:F3) -> 0
A4: 填寫文字或數字 | B4: 措施類別 | D4: ='表S-1｜節能措施'!D5 -> 0 | E4: ='表S-1｜節能措施'!F5 -> 0 | F4: ='表S-1｜節能措施'!H5 -> 0 | G4: =SUM(D4:F4) -> 0
A5: 下拉式選單（勿調整） | B5: 措施說明 | D5: ='表S-1｜節能措施'!D6 -> 0 | E5: ='表S-1｜節能措施'!F6 -> 0 | F5: ='表S-1｜節能措施'!H6 -> 0 | G5: =SUM(D5:F5) -> 0
A6: 自動帶出 | B6: 能源單價(元/kWh) | D6: ='表P｜用電統計'!$G5 -> #DIV/0! | E6: ='表P｜用電統計'!$G5 -> #DIV/0! | F6: ='表P｜用電統計'!$G5 -> #DIV/0! | G6: -
B7: 改善前用電量(kWh/年) | D7: ='表S-1｜節能措施'!D11 -> 0 | E7: ='表S-1｜節能措施'!F11 -> 0 | F7: ='表S-1｜節能措施'!H11 -> 0 | G7: =SUM(D7:F7) -> 0
B8: 改善前油當量(kLOE/年) | D8: =D7*0.0000956 -> 0 | E8: =E7*0.0000956 -> 0 | F8: =F7*0.0000956 -> 0 | G8: =SUM(D8:F8) -> 0
B9: 改善前金額(元/年) | D9: =D6*D7 -> #DIV/0! | E9: =E6*E7 -> #DIV/0! | F9: =F6*F7 -> #DIV/0! | G9: =SUM(D9:F9) -> #DIV/0!
B10: 改善後用電量(kWh/年) | D10: ='表S-1｜節能措施'!D12 -> 0 | E10: ='表S-1｜節能措施'!F12 -> 0 | F10: ='表S-1｜節能措施'!H12 -> 0 | G10: =SUM(D10:F10) -> 0
B11: 改善後油當量(kLOE/年) | D11: =D10*0.0000956 -> 0 | E11: =E10*0.0000956 -> 0 | F11: =F10*0.0000956 -> 0 | G11: =SUM(D11:F11) -> 0
B12: 改善後金額(元/年) | D12: =D6*D10 -> #DIV/0! | E12: =E6*E10 -> #DIV/0! | F12: =F6*F10 -> #DIV/0! | G12: =SUM(D12:F12) -> #DIV/0!
B13: 節約用電量(kWh/年) | D13: =D7-D10 -> 0 | E13: =E7-E10 -> 0 | F13: =F7-F10 -> 0 | G13: =G7-G10 -> 0
B14: 節約油當量(kLOE/年) | D14: =D8-D11 -> 0 | E14: =E8-E11 -> 0 | F14: =F8-F11 -> 0 | G14: =G8-G11 -> 0
B15: 節約金額(元/年) | D15: =D9-D12 -> #DIV/0! | E15: =E9-E12 -> #DIV/0! | F15: =F9-F12 -> #DIV/0! | G15: =SUM(D15:F15) -> #DIV/0!
B16: 節費率(金額基準) | D16: =D15/D9 -> #DIV/0! | E16: =E15/E9 -> #DIV/0! | F16: =F15/F9 -> #DIV/0! | G16: -
B17: 節能率(耗能基準) | D17: =D13/D7 -> #DIV/0! | E17: =E13/E7 -> #DIV/0! | F17: =F13/F7 -> #DIV/0! | G17: -
B18: CO2 減量(噸/年) | D18: =D13*#REF!/1000 -> #REF! | E18: =E13*#REF!/1000 -> #REF! | F18: =F13*#REF!/1000 -> #REF! | G18: =SUM(D18:F18) -> #REF!
B19: 改善費用(萬元) | D19: ='表S-1｜節能措施'!D7 -> 0 | E19: ='表S-1｜節能措施'!F7 -> 0 | F19: ='表S-1｜節能措施'!H7 -> 0 | G19: =SUM(D19:F19) -> 0
B20: 後續 推動 註3 | C20: 業者自行改善 | D20: ='表S-1｜節能措施'!D18 -> 0 | E20: ='表S-1｜節能措施'!F18 -> 0 | F20: ='表S-1｜節能措施'!H18 -> 0 | G20: -
C21: 媒合ESCO | D21: ='表S-1｜節能措施'!D19 -> 0 | E21: ='表S-1｜節能措施'!F19 -> 0 | F21: ='表S-1｜節能措施'!H19 -> 0 | G21: -
C22: 媒合政府資源 | D22: ='表S-1｜節能措施'!D20 -> 0 | E22: ='表S-1｜節能措施'!F20 -> 0 | F22: ='表S-1｜節能措施'!H20 -> 0 | G22: -
B23: 回收年限（年） | D23: =D19*10000/D15 -> #DIV/0! | E23: =E19*10000/E15 -> #DIV/0! | F23: =F19*10000/F15 -> #DIV/0!
Q24: 中央空調系統
O25: 汰換既有設備 | Q25: 一般空調系統
O26: 增加自動控制 | Q26: 照明系統
O27: 增加變頻功能 | Q27: 冷凍冷藏系統
O28: 管理行為改善 | Q28: 熱能系統
Q29: 風機系統
